Redirect 301 /privacy.php /index.php/privacy-policy
Redirect 301 /schedule.php /index.php/schedule
Redirect 301 /charters.php /index.php/charters
Redirect 301 /terms.php /index.php/terms-and-conditions
Redirect 301 /news.php /index.php/news
Redirect 301 /about-us.php /index.php/about-us
Redirect 301 /job-vacancy.php /index.php/job-vacancy
Redirect 301 /before-you-fly.php /index.php/before-you-fly
Redirect 301 /car-and-hotel-booking.php /index.php/car-and-hotel-booking

Redirect 301 /destinations.php?is=anguilla /destinations.php/anguilla
Redirect 301 /destinations.php?is=antigua /destinations.php/antigua
Redirect 301 /destinations.php?is=dominica /destinations.php/dominica
Redirect 301 /destinations.php?is=nevis /destinations.php/nevis
Redirect 301 /destinations.php?is=puertorico /destinations.php/puertorico
Redirect 301 /destinations.php?is=stkitts‎ /destinations.php/stkitts‎
Redirect 301 /destinations.php?is=stmaarten‎ /destinations.php/stmaarten‎
Redirect 301 /destinations.php?is=stbarth‎ /destinations.php/stbarth‎